global_step,episode,episode_return,episode_length,epsilon,loss,eval_mean_return,wall_time_sec
18,1,18.0,18,0.999715,nan,nan,0.001
32,2,14.0,14,0.999493,nan,nan,0.002
44,3,12.0,12,0.999303,nan,nan,0.003
62,4,18.0,18,0.999018,nan,nan,0.004
85,5,23.0,23,0.998654,nan,nan,0.004
145,6,60.0,60,0.997704,nan,nan,0.006
160,7,15.0,15,0.997467,nan,nan,0.007
197,8,37.0,37,0.996881,nan,nan,0.008
260,9,63.0,63,0.995883,nan,nan,0.013
277,10,17.0,17,0.995614,nan,nan,0.013
297,11,20.0,20,0.995297,nan,nan,0.014
322,12,25.0,25,0.994902,nan,nan,0.015
334,13,12.0,12,0.994712,nan,nan,0.016
349,14,15.0,15,0.994474,nan,nan,0.017
366,15,17.0,17,0.994205,nan,nan,0.017
387,16,21.0,21,0.993873,nan,nan,0.018
408,17,21.0,21,0.99354,nan,nan,0.018
422,18,14.0,14,0.993318,nan,nan,0.019
455,19,33.0,33,0.992796,nan,nan,0.02
468,20,13.0,13,0.99259,nan,nan,0.02
498,21,30.0,30,0.992115,nan,nan,0.021
526,22,28.0,28,0.991672,nan,nan,0.022
550,23,24.0,24,0.991292,nan,nan,0.024
579,24,29.0,29,0.990833,nan,nan,0.025
596,25,17.0,17,0.990563,nan,nan,0.025
614,26,18.0,18,0.990278,nan,nan,0.026
627,27,13.0,13,0.990073,nan,nan,0.026
639,28,12.0,12,0.989882,nan,nan,0.027
682,29,43.0,43,0.989202,nan,nan,0.029
709,30,27.0,27,0.988774,nan,nan,0.03
749,31,40.0,40,0.988141,nan,nan,0.031
780,32,31.0,31,0.98765,nan,nan,0.032
791,33,11.0,11,0.987476,nan,nan,0.033
814,34,23.0,23,0.987112,nan,nan,0.034
830,35,16.0,16,0.986858,nan,nan,0.034
858,36,28.0,28,0.986415,nan,nan,0.035
883,37,25.0,25,0.986019,nan,nan,0.036
933,38,50.0,50,0.985228,nan,nan,0.038
992,39,59.0,59,0.984293,nan,nan,0.04
1011,40,19.0,19,0.983993,1.040405511856079,nan,0.056
1021,41,10.0,10,0.983834,0.9490920305252075,nan,0.068
1035,42,14.0,14,0.983613,0.8918013572692871,nan,0.081
1052,43,17.0,17,0.983343,0.794101893901825,nan,0.094
1067,44,15.0,15,0.983106,0.7432016134262085,nan,0.109
1121,45,54.0,54,0.982251,0.47676557302474976,nan,0.158
1136,46,15.0,15,0.982013,0.41895222663879395,nan,0.168
1158,47,22.0,22,0.981665,0.29906749725341797,nan,0.187
1200,48,42.0,42,0.981,0.16382266581058502,nan,0.216
1231,49,31.0,31,0.980509,0.10199858248233795,nan,0.239
1277,50,46.0,46,0.979781,0.05388057231903076,nan,0.278
1316,51,39.0,39,0.979163,0.033771395683288574,nan,0.309
1338,52,22.0,22,0.978815,0.03430917486548424,nan,0.329
1352,53,14.0,14,0.978593,0.023698747158050537,nan,0.343
1373,54,21.0,21,0.978261,0.026149965822696686,nan,0.364
1384,55,11.0,11,0.978087,0.025781482458114624,nan,0.371
1460,56,76.0,76,0.976883,0.02535076066851616,nan,0.431
1476,57,16.0,16,0.97663,0.009172805584967136,nan,0.443
1492,58,16.0,16,0.976377,0.008977355435490608,nan,0.455
1520,59,28.0,28,0.975933,0.011342382058501244,nan,0.476
1537,60,17.0,17,0.975664,0.007316343020647764,nan,0.494
1570,61,33.0,33,0.975142,0.006722552701830864,nan,0.531
1588,62,18.0,18,0.974857,0.009158989414572716,nan,0.547
1600,63,12.0,12,0.974667,0.008748354390263557,nan,0.558
1645,64,45.0,45,0.973954,0.005694727413356304,nan,0.602
1679,65,34.0,34,0.973416,0.004472048487514257,nan,0.63
1695,66,16.0,16,0.973163,0.00357840140350163,nan,0.643
1713,67,18.0,18,0.972877,0.002387578831985593,nan,0.657
1726,68,13.0,13,0.972672,0.002396018709987402,nan,0.666
1744,69,18.0,18,0.972387,0.0016359830042347312,nan,0.678
1756,70,12.0,12,0.972197,0.0015712040476500988,nan,0.687
1768,71,12.0,12,0.972007,0.0013911696150898933,nan,0.698
1786,72,18.0,18,0.971722,0.0008634398691356182,nan,0.716
1798,73,12.0,12,0.971532,0.0008189409272745252,nan,0.73
1809,74,11.0,11,0.971357,0.00142395100556314,nan,0.748
1846,75,37.0,37,0.970772,0.0015763879055157304,nan,0.782
1882,76,36.0,36,0.970202,0.0011733858846127987,nan,0.82
1901,77,19.0,19,0.969901,0.00043160776840522885,nan,0.835
1918,78,17.0,17,0.969632,0.0009558220044709742,nan,0.847
1932,79,14.0,14,0.96941,0.000375445990357548,nan,0.859
1956,80,24.0,24,0.96903,0.0003985361254308373,nan,0.879
1967,81,11.0,11,0.968856,0.00028875190764665604,nan,0.893
1984,82,17.0,17,0.968587,0.00024999602464959025,nan,0.909
2024,83,40.0,40,0.967953,0.7853813767433167,nan,0.946
2041,84,17.0,17,0.967684,0.4731253683567047,nan,0.967
2081,85,40.0,40,0.967051,0.09948719292879105,nan,1.006
2112,86,31.0,31,0.96656,0.12772028148174286,nan,1.034
2126,87,14.0,14,0.966338,0.11842445284128189,nan,1.051
2140,88,14.0,14,0.966117,0.06801437586545944,nan,1.064
2203,89,63.0,63,0.965119,0.10026983171701431,nan,1.122
2220,90,17.0,17,0.96485,0.04407572001218796,nan,1.138
2247,91,27.0,27,0.964422,0.04807170107960701,nan,1.164
2269,92,22.0,22,0.964074,0.07484005391597748,nan,1.187
2288,93,19.0,19,0.963773,0.08568526804447174,nan,1.201
2302,94,14.0,14,0.963552,0.027815673500299454,nan,1.214
2319,95,17.0,17,0.963283,0.029589660465717316,nan,1.229
2340,96,21.0,21,0.96295,0.042687807232141495,nan,1.246
2358,97,18.0,18,0.962665,0.031177230179309845,nan,1.265
2388,98,30.0,30,0.96219,0.044441722333431244,nan,1.288
2407,99,19.0,19,0.961889,0.028529571369290352,nan,1.305
2452,100,45.0,45,0.961177,0.03126385807991028,nan,1.346
2464,101,12.0,12,0.960987,0.03524424135684967,nan,1.361
2478,102,14.0,14,0.960765,0.028086155652999878,nan,1.375
2492,103,14.0,14,0.960543,0.03223938122391701,nan,1.386
2506,104,14.0,14,0.960322,0.04540635645389557,nan,1.397
2536,105,30.0,30,0.959847,0.03972508758306503,nan,1.42
2564,106,28.0,28,0.959403,0.02410605549812317,nan,1.443
2587,107,23.0,23,0.959039,0.0607558935880661,nan,1.465
2604,108,17.0,17,0.95877,0.06104454770684242,nan,1.482
2631,109,27.0,27,0.958342,0.03795358166098595,nan,1.508
2667,110,36.0,36,0.957773,0.07620546966791153,nan,1.535
2682,111,15.0,15,0.957535,0.014094877056777477,nan,1.548
2710,112,28.0,28,0.957092,0.08942069113254547,nan,1.572
2722,113,12.0,12,0.956902,0.046486321836709976,nan,1.581
2762,114,40.0,40,0.956268,0.052572064101696014,nan,1.616
2785,115,23.0,23,0.955904,0.018313169479370117,nan,1.636
2821,116,36.0,36,0.955334,0.01383642666041851,nan,1.666
2832,117,11.0,11,0.95516,0.020512225106358528,nan,1.675
2858,118,26.0,26,0.954748,0.04927503690123558,nan,1.705
2870,119,12.0,12,0.954558,0.03382841870188713,nan,1.718
2892,120,22.0,22,0.95421,0.02952652983367443,nan,1.738
2931,121,39.0,39,0.953592,0.017998358234763145,nan,1.772
2943,122,12.0,12,0.953403,0.03130144625902176,nan,1.783
2962,123,19.0,19,0.953102,0.046324461698532104,nan,1.801
2979,124,17.0,17,0.952832,0.013647760264575481,nan,1.815
2995,125,16.0,16,0.952579,0.060885362327098846,nan,1.829
3007,126,12.0,12,0.952389,0.9420859813690186,nan,1.839
3039,127,32.0,32,0.951882,0.4251019060611725,nan,1.869
3058,128,19.0,19,0.951582,0.19319523870944977,nan,1.889
3068,129,10.0,10,0.951423,0.3197624981403351,nan,1.894
3107,130,39.0,39,0.950806,0.23498687148094177,nan,1.924
3121,131,14.0,14,0.950584,0.18552252650260925,nan,1.938
3149,132,28.0,28,0.950141,0.0984707772731781,nan,1.968
3164,133,15.0,15,0.949903,0.031316276639699936,nan,1.976
3177,134,13.0,13,0.949697,0.1806172877550125,nan,1.988
3196,135,19.0,19,0.949397,0.1276695281267166,nan,2.0
3216,136,20.0,20,0.94908,0.08439815789461136,nan,2.018
3228,137,12.0,12,0.94889,0.1885005682706833,nan,2.027
3238,138,10.0,10,0.948732,0.09835532307624817,nan,2.038
3248,139,10.0,10,0.948573,0.26530563831329346,nan,2.046
3264,140,16.0,16,0.94832,0.04742881655693054,nan,2.059
3276,141,12.0,12,0.94813,0.10311377048492432,nan,2.073
3313,142,37.0,37,0.947544,0.06920289248228073,nan,2.108
3333,143,20.0,20,0.947228,0.1064777597784996,nan,2.126
3357,144,24.0,24,0.946847,0.09383880347013474,nan,2.148
3371,145,14.0,14,0.946626,0.022686509415507317,nan,2.158
3401,146,30.0,30,0.946151,0.08872831612825394,nan,2.181
3440,147,39.0,39,0.945533,0.11251730471849442,nan,2.211
3465,148,25.0,25,0.945137,0.05520747974514961,nan,2.235
3481,149,16.0,16,0.944884,0.143621563911438,nan,2.247
3527,150,46.0,46,0.944156,0.13391725718975067,nan,2.358
3542,151,15.0,15,0.943918,0.12559698522090912,nan,2.41
3576,152,34.0,34,0.94338,0.13553586602210999,nan,2.486
3627,153,51.0,51,0.942573,0.07831396907567978,nan,2.607
3646,154,19.0,19,0.942272,0.08998662233352661,nan,2.627
3660,155,14.0,14,0.94205,0.17019012570381165,nan,2.637
3698,156,38.0,38,0.941448,0.04300903528928757,nan,2.669
3746,157,48.0,48,0.940688,0.06389343738555908,nan,2.711
3763,158,17.0,17,0.940419,0.03515671566128731,nan,2.727
3773,159,10.0,10,0.940261,0.10639059543609619,nan,2.736
3791,160,18.0,18,0.939976,0.0838809460401535,nan,2.748
3808,161,17.0,17,0.939707,0.1341802477836609,nan,2.763
3836,162,28.0,28,0.939263,0.09027263522148132,nan,2.785
3849,163,13.0,13,0.939057,0.15370620787143707,nan,2.8
3865,164,16.0,16,0.938804,0.05080762878060341,nan,2.811
3879,165,14.0,14,0.938582,0.1536954939365387,nan,2.822
3904,166,25.0,25,0.938187,0.22766223549842834,nan,2.852
3935,167,31.0,31,0.937696,0.1329357773065567,nan,2.884
3964,168,29.0,29,0.937237,0.01676052063703537,nan,2.911
3988,169,24.0,24,0.936857,0.12176361680030823,nan,2.933
4004,170,16.0,16,0.936603,0.06769438087940216,nan,2.952
4050,171,46.0,46,0.935875,0.1365119069814682,nan,2.997
4063,172,13.0,13,0.935669,0.13236159086227417,nan,3.006
4099,173,36.0,36,0.935099,0.39431411027908325,nan,3.038
4112,174,13.0,13,0.934893,0.14951664209365845,nan,3.049
4121,175,9.0,9,0.934751,0.26975587010383606,nan,3.058
4145,176,24.0,24,0.934371,0.08841395378112793,nan,3.077
4173,177,28.0,28,0.933928,0.24512822926044464,nan,3.102
4196,178,23.0,23,0.933563,0.22861403226852417,nan,3.123
4212,179,16.0,16,0.93331,0.22669219970703125,nan,3.135
4232,180,20.0,20,0.932993,0.36397185921669006,nan,3.156
4244,181,12.0,12,0.932803,0.2154144048690796,nan,3.171
4296,182,52.0,52,0.93198,0.126866415143013,nan,3.212
4322,183,26.0,26,0.931568,0.3052282929420471,nan,3.236
4345,184,23.0,23,0.931204,0.014420604333281517,nan,3.258
4372,185,27.0,27,0.930777,0.2841900885105133,nan,3.285
4402,186,30.0,30,0.930302,0.22183920443058014,nan,3.316
4420,187,18.0,18,0.930017,0.17391951382160187,nan,3.336
4440,188,20.0,20,0.9297,0.24898529052734375,nan,3.353
4466,189,26.0,26,0.929288,0.17515471577644348,nan,3.378
4483,190,17.0,17,0.929019,0.16273559629917145,nan,3.393
4498,191,15.0,15,0.928782,0.3111998736858368,nan,3.41
4538,192,40.0,40,0.928148,0.14753173291683197,nan,3.451
4553,193,15.0,15,0.927911,0.23807401955127716,nan,3.468
4581,194,28.0,28,0.927468,0.27093714475631714,nan,3.493
4622,195,41.0,41,0.926818,0.19879689812660217,nan,3.528
4636,196,14.0,14,0.926597,0.21397088468074799,nan,3.539
4682,197,46.0,46,0.925868,0.1581709235906601,nan,3.574
4694,198,12.0,12,0.925678,0.13420365750789642,nan,3.584
4721,199,27.0,27,0.925251,0.20926596224308014,nan,3.609
4747,200,26.0,26,0.924839,0.051129940897226334,nan,3.629
4766,201,19.0,19,0.924538,0.07922714948654175,nan,3.649
4787,202,21.0,21,0.924206,0.2507408559322357,nan,3.667
4816,203,29.0,29,0.923747,0.15774564445018768,nan,3.693
4835,204,19.0,19,0.923446,0.08248642086982727,nan,3.711
4878,205,43.0,43,0.922765,0.4479042887687683,nan,3.754
4913,206,35.0,35,0.922211,0.139103963971138,nan,3.786
4946,207,33.0,33,0.921688,0.5811304450035095,nan,3.82
4957,208,11.0,11,0.921514,0.04555469751358032,nan,3.829
4981,209,24.0,24,0.921134,0.3223668336868286,nan,3.854
5050,210,69.0,69,0.920042,0.46933647990226746,nan,3.923
5091,211,41.0,41,0.919393,0.2040403187274933,nan,3.955
5105,212,14.0,14,0.919171,0.200575590133667,nan,3.971
5142,213,37.0,37,0.918585,0.21867752075195312,nan,3.999
5156,214,14.0,14,0.918363,0.32434356212615967,nan,4.008
5176,215,20.0,20,0.918047,0.2882232069969177,nan,4.024
5208,216,32.0,32,0.91754,0.6235202550888062,nan,4.054
5250,217,42.0,42,0.916875,0.2637365162372589,nan,4.091
5271,218,21.0,21,0.916543,0.3772822618484497,nan,4.107
5284,219,13.0,13,0.916337,0.20298215746879578,nan,4.117
5301,220,17.0,17,0.916068,0.36824312806129456,nan,4.135
5349,221,48.0,48,0.915307,0.22825202345848083,nan,4.18
5366,222,17.0,17,0.915038,0.2424253225326538,nan,4.193
5424,223,58.0,58,0.91412,0.5711361169815063,nan,4.241
5463,224,39.0,39,0.913502,0.40578195452690125,nan,4.276
5481,225,18.0,18,0.913218,0.3751678466796875,nan,4.294
5558,226,77.0,77,0.911998,0.12895572185516357,nan,4.369
5575,227,17.0,17,0.911729,0.4446224272251129,nan,4.385
5594,228,19.0,19,0.911428,0.3148314654827118,nan,4.401
5611,229,17.0,17,0.911159,0.2228025645017624,nan,4.419
5624,230,13.0,13,0.910953,0.2749485969543457,nan,4.432
5642,231,18.0,18,0.910668,0.14084194600582123,nan,4.452
5663,232,21.0,21,0.910336,0.6204977035522461,nan,4.467
5678,233,15.0,15,0.910098,0.12512806057929993,nan,4.485
5711,234,33.0,33,0.909576,0.3327507972717285,nan,4.517
5789,235,78.0,78,0.908341,0.23489800095558167,nan,4.582
5800,236,11.0,11,0.908167,0.4870462417602539,nan,4.59
5812,237,12.0,12,0.907977,0.43415501713752747,nan,4.599
5862,238,50.0,50,0.907185,0.21528348326683044,nan,4.646
5887,239,25.0,25,0.906789,0.3893091082572937,nan,4.664
5899,240,12.0,12,0.906599,0.22202354669570923,nan,4.674
5926,241,27.0,27,0.906172,0.2232772707939148,nan,4.7
5998,242,72.0,72,0.905032,0.07686445116996765,nan,4.757
6082,243,84.0,84,0.903702,0.4175351858139038,nan,4.831
6129,244,47.0,47,0.902957,0.4904925525188446,nan,4.868
6142,245,13.0,13,0.902752,0.6633268594741821,nan,4.879
6173,246,31.0,31,0.902261,0.03205723688006401,nan,4.915
6187,247,14.0,14,0.902039,0.1473134607076645,nan,4.926
6198,248,11.0,11,0.901865,0.46682220697402954,nan,4.935
6217,249,19.0,19,0.901564,0.11717376857995987,nan,4.95
6228,250,11.0,11,0.90139,0.3647370934486389,nan,4.957
6249,251,21.0,21,0.901057,0.5059698820114136,nan,4.978
6279,252,30.0,30,0.900583,0.3449772298336029,nan,5.0
6295,253,16.0,16,0.900329,0.5974751114845276,nan,5.016
6316,254,21.0,21,0.899997,0.32457292079925537,nan,5.032
6334,255,18.0,18,0.899712,0.1631474643945694,nan,5.046
6344,256,10.0,10,0.899553,0.4258267879486084,nan,5.052
6354,257,10.0,10,0.899395,0.18944944441318512,nan,5.062
6426,258,72.0,72,0.898255,0.3737623691558838,nan,5.134
6484,259,58.0,58,0.897337,0.3798176050186157,nan,5.186
6530,260,46.0,46,0.896608,0.3685336112976074,nan,5.229
6564,261,34.0,34,0.89607,0.25932759046554565,nan,5.266
6594,262,30.0,30,0.895595,0.5948215126991272,nan,5.302
6604,263,10.0,10,0.895437,0.06493660062551498,nan,5.311
6639,264,35.0,35,0.894883,0.6526597142219543,nan,5.343
6658,265,19.0,19,0.894582,0.19196388125419617,nan,5.365
6682,266,24.0,24,0.894202,0.5912269949913025,nan,5.393
6713,267,31.0,31,0.893711,0.38989561796188354,nan,5.428
6773,268,60.0,60,0.892761,0.35767412185668945,nan,5.497
6826,269,53.0,53,0.891922,0.9699602723121643,nan,5.552
6836,270,10.0,10,0.891763,0.4158797860145569,nan,5.558
6866,271,30.0,30,0.891288,0.7968670725822449,nan,5.594
6913,272,47.0,47,0.890544,0.32135310769081116,nan,5.637
6924,273,11.0,11,0.89037,0.46603861451148987,nan,5.643
6942,274,18.0,18,0.890085,0.0931989997625351,nan,5.666
7000,275,58.0,58,0.889167,0.26232725381851196,nan,5.72
7019,276,19.0,19,0.888866,1.1860296726226807,nan,5.739
7052,277,33.0,33,0.888343,0.5008629560470581,nan,5.77
7076,278,24.0,24,0.887963,0.9112579226493835,nan,5.789
7095,279,19.0,19,0.887663,1.17970871925354,nan,5.805
7128,280,33.0,33,0.88714,0.1849350780248642,nan,5.836
7142,281,14.0,14,0.886918,0.530509889125824,nan,5.852
7170,282,28.0,28,0.886475,0.1781274974346161,nan,5.876
7230,283,60.0,60,0.885525,0.7180393934249878,nan,5.929
7241,284,11.0,11,0.885351,0.3492966890335083,nan,5.94
7255,285,14.0,14,0.885129,0.10989582538604736,nan,5.949
7304,286,49.0,49,0.884353,0.7284317016601562,nan,6.001
7334,287,30.0,30,0.883878,0.17584295570850372,nan,6.029
7365,288,31.0,31,0.883387,0.48829028010368347,nan,6.056
7412,289,47.0,47,0.882643,0.5973957777023315,nan,6.107
7432,290,20.0,20,0.882327,0.834408700466156,nan,6.134
7458,291,26.0,26,0.881915,0.9058929085731506,nan,6.165
7511,292,53.0,53,0.881076,0.2982892394065857,nan,6.24
7547,293,36.0,36,0.880506,0.26958754658699036,nan,6.291
7576,294,29.0,29,0.880047,0.25089743733406067,nan,6.313
7594,295,18.0,18,0.879762,0.31182849407196045,nan,6.33
7632,296,38.0,38,0.87916,0.2950720489025116,nan,6.359
7654,297,22.0,22,0.878812,0.9291917681694031,nan,6.378
7667,298,13.0,13,0.878606,0.640407919883728,nan,6.387
7683,299,16.0,16,0.878352,0.3435039520263672,nan,6.398
7696,300,13.0,13,0.878147,0.7419978976249695,nan,6.406
7728,301,32.0,32,0.87764,0.3227646052837372,nan,6.433
7749,302,21.0,21,0.877308,0.47431689500808716,nan,6.451
7764,303,15.0,15,0.87707,0.2675202190876007,nan,6.46
7778,304,14.0,14,0.876848,0.6038146615028381,nan,6.472
7838,305,60.0,60,0.875898,0.43646496534347534,nan,6.52
7899,306,61.0,61,0.874933,0.07187522947788239,nan,6.57
7999,307,100.0,100,0.873349,0.46021732687950134,nan,6.664
8020,308,21.0,21,0.873017,1.4387248754501343,nan,6.682
8046,309,26.0,26,0.872605,0.6376040577888489,nan,6.709
8080,310,34.0,34,0.872067,0.973051905632019,nan,6.734
8192,311,112.0,112,0.870293,0.32283899188041687,nan,6.83
8206,312,14.0,14,0.870072,0.3321734070777893,nan,6.844
8231,313,25.0,25,0.869676,0.25112423300743103,nan,6.866
8257,314,26.0,26,0.869264,0.9073004722595215,nan,6.894
8319,315,62.0,62,0.868283,0.7431775331497192,nan,6.954
8339,316,20.0,20,0.867966,0.7054510712623596,nan,6.972
8355,317,16.0,16,0.867712,0.26730799674987793,nan,6.987
8382,318,27.0,27,0.867285,0.11383900046348572,nan,7.011
8408,319,26.0,26,0.866873,0.437420129776001,nan,7.033
8440,320,32.0,32,0.866367,0.37811070680618286,nan,7.058
8461,321,21.0,21,0.866034,0.08473784476518631,nan,7.079
8498,322,37.0,37,0.865448,0.06677475571632385,nan,7.111
8561,323,63.0,63,0.864451,0.3709213137626648,nan,7.17
8577,324,16.0,16,0.864197,0.8237376809120178,nan,7.183
8592,325,15.0,15,0.86396,0.6097297668457031,nan,7.195
8623,326,31.0,31,0.863469,0.5805546045303345,nan,7.222
8664,327,41.0,41,0.86282,0.9122755527496338,nan,7.253
8709,328,45.0,45,0.862108,0.5205075740814209,nan,7.292
8720,329,11.0,11,0.861933,0.04613861069083214,nan,7.3
8736,330,16.0,16,0.86168,0.07706320285797119,nan,7.312
8769,331,33.0,33,0.861158,0.8396693468093872,nan,7.346
8811,332,42.0,42,0.860492,0.30602145195007324,nan,7.383
8842,333,31.0,31,0.860002,0.7644057869911194,nan,7.412
8863,334,21.0,21,0.859669,0.5524801015853882,nan,7.429
8911,335,48.0,48,0.858909,0.12913110852241516,nan,7.481
8951,336,40.0,40,0.858276,0.3590446412563324,nan,7.521
8981,337,30.0,30,0.857801,0.4560832977294922,nan,7.546
9021,338,40.0,40,0.857167,0.5200830698013306,nan,7.577
9038,339,17.0,17,0.856898,0.33056458830833435,nan,7.59
9049,340,11.0,11,0.856724,0.3750635087490082,nan,7.6
9061,341,12.0,12,0.856534,0.661402702331543,nan,7.61
9113,342,52.0,52,0.855711,0.3498585820198059,nan,7.679
9122,343,9.0,9,0.855568,0.5499728918075562,nan,7.686
9136,344,14.0,14,0.855347,0.4937659204006195,nan,7.695
9151,345,15.0,15,0.855109,0.1619594544172287,nan,7.707
9185,346,34.0,34,0.854571,0.15396392345428467,nan,7.764
9194,347,9.0,9,0.854428,0.18466496467590332,nan,7.77
9209,348,15.0,15,0.854191,0.6217589378356934,nan,7.788
9245,349,36.0,36,0.853621,0.14061886072158813,nan,7.825
9270,350,25.0,25,0.853225,0.08903481066226959,nan,7.847
9297,351,27.0,27,0.852797,0.06731818616390228,nan,7.876
9357,352,60.0,60,0.851847,0.11139798164367676,nan,7.927
9376,353,19.0,19,0.851547,0.4630732834339142,nan,7.94
9398,354,22.0,22,0.851198,1.3694223165512085,nan,7.963
9427,355,29.0,29,0.850739,0.8265507221221924,nan,7.988
9444,356,17.0,17,0.85047,0.16093319654464722,nan,8.004
9477,357,33.0,33,0.849947,0.2833138108253479,nan,8.044
9495,358,18.0,18,0.849662,0.20493721961975098,nan,8.059
9545,359,50.0,50,0.848871,1.1726083755493164,nan,8.108
9557,360,12.0,12,0.848681,0.520426869392395,nan,8.118
9582,361,25.0,25,0.848285,1.3120156526565552,nan,8.149
9612,362,30.0,30,0.84781,0.3048414885997772,nan,8.177
9726,363,114.0,114,0.846005,0.481087327003479,nan,8.282
9758,364,32.0,32,0.845498,0.36431440711021423,nan,8.307
9786,365,28.0,28,0.845055,0.5244498252868652,nan,8.335
9836,366,50.0,50,0.844263,0.790795087814331,nan,8.397
9859,367,23.0,23,0.843899,1.2071303129196167,nan,8.425
9930,368,71.0,71,0.842775,0.8574889898300171,nan,8.5
9951,369,21.0,21,0.842442,0.2815365791320801,nan,8.524
9987,370,36.0,36,0.841873,0.6556421518325806,nan,8.559
10009,371,22.0,22,0.841524,0.9969439506530762,298.0,8.923
10074,372,65.0,65,0.840495,0.25619763135910034,298.0,8.983
10126,373,52.0,52,0.839672,0.3633902370929718,298.0,9.03
10137,374,11.0,11,0.839498,0.2413046658039093,298.0,9.04
10170,375,33.0,33,0.838975,0.6536575555801392,298.0,9.064
10191,376,21.0,21,0.838642,0.7457515597343445,298.0,9.086
10205,377,14.0,14,0.838421,0.606465756893158,298.0,9.099
10237,378,32.0,32,0.837914,0.3072105944156647,298.0,9.122
10341,379,104.0,104,0.836267,0.33436018228530884,298.0,9.222
10350,380,9.0,9,0.836125,0.9511002898216248,298.0,9.228
10369,381,19.0,19,0.835824,0.2486642301082611,298.0,9.25
10383,382,14.0,14,0.835603,1.2171032428741455,298.0,9.263
10404,383,21.0,21,0.83527,0.1762932986021042,298.0,9.281
10422,384,18.0,18,0.834985,0.9469563364982605,298.0,9.301
10439,385,17.0,17,0.834716,0.21066617965698242,298.0,9.313
10464,386,25.0,25,0.83432,1.9370660781860352,298.0,9.335
10483,387,19.0,19,0.834019,0.3621703088283539,298.0,9.352
10541,388,58.0,58,0.833101,0.32549160718917847,298.0,9.408
10581,389,40.0,40,0.832468,0.5546746253967285,298.0,9.447
10643,390,62.0,62,0.831486,1.702563762664795,298.0,9.502
10660,391,17.0,17,0.831217,0.7842295169830322,298.0,9.519
10669,392,9.0,9,0.831074,0.9472806453704834,298.0,9.531
10704,393,35.0,35,0.83052,0.0884011760354042,298.0,9.56
10722,394,18.0,18,0.830235,0.5538724660873413,298.0,9.576
10737,395,15.0,15,0.829997,0.36645475029945374,298.0,9.589
10753,396,16.0,16,0.829744,0.5937442779541016,298.0,9.605
10795,397,42.0,42,0.829079,1.1771907806396484,298.0,9.642
10806,398,11.0,11,0.828905,0.8934106826782227,298.0,9.652
10817,399,11.0,11,0.828731,0.06606661528348923,298.0,9.661
10863,400,46.0,46,0.828002,0.7595980763435364,298.0,9.706
10884,401,21.0,21,0.82767,0.11221273243427277,298.0,9.724
10904,402,20.0,20,0.827353,0.42570799589157104,298.0,9.741
10945,403,41.0,41,0.826704,0.5619596242904663,298.0,9.778
10973,404,28.0,28,0.826261,0.11680004000663757,298.0,9.8
10995,405,22.0,22,0.825913,1.1371592283248901,298.0,9.816
11012,406,17.0,17,0.825643,1.9214848279953003,298.0,9.831
11026,407,14.0,14,0.825422,0.6145144104957581,298.0,9.844
11050,408,24.0,24,0.825042,0.10188077390193939,298.0,9.862
11110,409,60.0,60,0.824092,0.15455172955989838,298.0,9.916
11152,410,42.0,42,0.823427,1.3642292022705078,298.0,9.953
11165,411,13.0,13,0.823221,0.835697591304779,298.0,9.969
11192,412,27.0,27,0.822793,0.5699544548988342,298.0,9.992
11201,413,9.0,9,0.822651,0.22926518321037292,298.0,10.001
11259,414,58.0,58,0.821732,0.19058623909950256,298.0,10.047
11275,415,16.0,16,0.821479,0.4169882535934448,298.0,10.059
11381,416,106.0,106,0.819801,0.10601668059825897,298.0,10.152
11413,417,32.0,32,0.819294,0.07701531052589417,298.0,10.182
11450,418,37.0,37,0.818708,1.870563268661499,298.0,10.21
11523,419,73.0,73,0.817553,0.5950272083282471,298.0,10.287
11571,420,48.0,48,0.816793,0.2567109167575836,298.0,10.328
11620,421,49.0,49,0.816017,0.2466692328453064,298.0,10.378
11632,422,12.0,12,0.815827,2.278264284133911,298.0,10.387
11652,423,20.0,20,0.81551,0.4482068717479706,298.0,10.406
11708,424,56.0,56,0.814623,0.5580402612686157,298.0,10.462
11759,425,51.0,51,0.813816,0.40767011046409607,298.0,10.513
11778,426,19.0,19,0.813515,0.4641391336917877,298.0,10.535
11811,427,33.0,33,0.812993,0.317020982503891,298.0,10.56
11829,428,18.0,18,0.812708,0.07884720712900162,298.0,10.576
11879,429,50.0,50,0.811916,0.5655860900878906,298.0,10.625
11889,430,10.0,10,0.811758,0.7306898236274719,298.0,10.638
11920,431,31.0,31,0.811267,0.5027406811714172,298.0,10.667
11937,432,17.0,17,0.810998,0.8756709694862366,298.0,10.691
11992,433,55.0,55,0.810127,0.13721883296966553,298.0,10.744
12029,434,37.0,37,0.809541,1.0206886529922485,298.0,10.779
12049,435,20.0,20,0.809224,0.44088977575302124,298.0,10.797
12064,436,15.0,15,0.808987,3.801694393157959,298.0,10.809
12077,437,13.0,13,0.808781,0.7261545062065125,298.0,10.821
12101,438,24.0,24,0.808401,1.5264711380004883,298.0,10.84
12120,439,19.0,19,0.8081,0.31535449624061584,298.0,10.852
12184,440,64.0,64,0.807087,0.13386718928813934,298.0,10.905
12202,441,18.0,18,0.806802,0.1543891876935959,298.0,10.926
12230,442,28.0,28,0.806358,0.5341918468475342,298.0,10.952
12250,443,20.0,20,0.806042,0.3455083966255188,298.0,10.968
12286,444,36.0,36,0.805472,0.28704527020454407,298.0,10.998
12344,445,58.0,58,0.804553,2.018756151199341,298.0,11.067
12376,446,32.0,32,0.804047,0.05259914696216583,298.0,11.101
12433,447,57.0,57,0.803144,0.173631489276886,298.0,11.15
12468,448,35.0,35,0.80259,0.18463972210884094,298.0,11.178
12506,449,38.0,38,0.801988,0.7179537415504456,298.0,11.211
12521,450,15.0,15,0.801751,0.15828852355480194,298.0,11.224
12587,451,66.0,66,0.800706,0.21502061188220978,298.0,11.296
12693,452,106.0,106,0.799028,0.6890743970870972,298.0,11.409
12781,453,88.0,88,0.797634,0.46421489119529724,298.0,11.488
12837,454,56.0,56,0.796747,0.9448043704032898,298.0,11.534
12848,455,11.0,11,0.796573,1.1340386867523193,298.0,11.543
12922,456,74.0,74,0.795402,1.2613710165023804,298.0,11.607
12943,457,21.0,21,0.795069,0.12939423322677612,298.0,11.63
12959,458,16.0,16,0.794816,0.1324494630098343,298.0,11.642
12988,459,29.0,29,0.794357,1.1238659620285034,298.0,11.666
13018,460,30.0,30,0.793882,0.7677863240242004,298.0,11.699
13033,461,15.0,15,0.793644,1.1745169162750244,298.0,11.716
13084,462,51.0,51,0.792837,0.10380876064300537,298.0,11.77
13108,463,24.0,24,0.792457,0.42373576760292053,298.0,11.803
13149,464,41.0,41,0.791807,0.8036594986915588,298.0,11.844
13162,465,13.0,13,0.791602,0.16216938197612762,298.0,11.853
13210,466,48.0,48,0.790842,0.8344761729240417,298.0,11.891
13236,467,26.0,26,0.79043,0.36439913511276245,298.0,11.914
13284,468,48.0,48,0.78967,0.10118679702281952,298.0,11.961
13309,469,25.0,25,0.789274,1.690102458000183,298.0,11.985
13319,470,10.0,10,0.789116,0.6566551327705383,298.0,11.991
13345,471,26.0,26,0.788704,1.7338732481002808,298.0,12.017
13373,472,28.0,28,0.788261,0.9756171107292175,298.0,12.04
13385,473,12.0,12,0.788071,0.13864083588123322,298.0,12.05
13399,474,14.0,14,0.787849,0.3861455023288727,298.0,12.059
13467,475,68.0,68,0.786772,0.5518859624862671,298.0,12.123
13508,476,41.0,41,0.786123,0.7058925628662109,298.0,12.166
13533,477,25.0,25,0.785728,0.39171677827835083,298.0,12.194
13542,478,9.0,9,0.785585,0.11892378330230713,298.0,12.202
13563,479,21.0,21,0.785253,0.8836947083473206,298.0,12.218
13578,480,15.0,15,0.785015,0.20394021272659302,298.0,12.229
13603,481,25.0,25,0.784619,0.5764403343200684,298.0,12.253
13630,482,27.0,27,0.784192,0.14841927587985992,298.0,12.281
13653,483,23.0,23,0.783828,2.110506057739258,298.0,12.301
13679,484,26.0,26,0.783416,1.3713462352752686,298.0,12.324
13702,485,23.0,23,0.783052,0.24485346674919128,298.0,12.347
13791,486,89.0,89,0.781643,0.2426014244556427,298.0,12.42
13806,487,15.0,15,0.781405,0.14356672763824463,298.0,12.433
13838,488,32.0,32,0.780898,0.12793685495853424,298.0,12.46
13894,489,56.0,56,0.780012,0.20794115960597992,298.0,12.519
13928,490,34.0,34,0.779473,0.6445479393005371,298.0,12.554
13970,491,42.0,42,0.778808,0.10141713917255402,298.0,12.6
14038,492,68.0,68,0.777732,0.20534192025661469,298.0,12.655
14091,493,53.0,53,0.776892,1.1063324213027954,298.0,12.696
14142,494,51.0,51,0.776085,0.49178552627563477,298.0,12.736
14162,495,20.0,20,0.775768,0.4287952184677124,298.0,12.752
14189,496,27.0,27,0.775341,0.39589038491249084,298.0,12.779
14223,497,34.0,34,0.774803,0.6474673748016357,298.0,12.81
14240,498,17.0,17,0.774533,1.269876480102539,298.0,12.83
14308,499,68.0,68,0.773457,2.1050732135772705,298.0,12.888
14358,500,50.0,50,0.772665,0.30819207429885864,298.0,12.937
14404,501,46.0,46,0.771937,1.622110366821289,298.0,12.974
14430,502,26.0,26,0.771525,0.4845767319202423,298.0,13.003
14443,503,13.0,13,0.771319,0.70698481798172,298.0,13.016
14519,504,76.0,76,0.770116,0.3157893419265747,298.0,13.077
14535,505,16.0,16,0.769863,0.11856255680322647,298.0,13.09
14674,506,139.0,139,0.767662,0.47403693199157715,298.0,13.213
14698,507,24.0,24,0.767282,0.4837329089641571,298.0,13.231
14753,508,55.0,55,0.766411,0.06348028033971786,298.0,13.275
14792,509,39.0,39,0.765793,0.09188850224018097,298.0,13.314
14848,510,56.0,56,0.764907,0.49801257252693176,298.0,13.366
14865,511,17.0,17,0.764637,0.2605065405368805,298.0,13.383
14898,512,33.0,33,0.764115,0.3701601028442383,298.0,13.412
14970,513,72.0,72,0.762975,1.4578288793563843,298.0,13.475
14984,514,14.0,14,0.762753,0.18654567003250122,298.0,13.485
15015,515,31.0,31,0.762263,3.0732719898223877,298.0,13.513
15034,516,19.0,19,0.761962,0.9727073311805725,298.0,13.536
15070,517,36.0,36,0.761392,0.2013053297996521,298.0,13.565
15267,518,197.0,197,0.758273,1.844966173171997,298.0,13.747
15317,519,50.0,50,0.757481,0.8717045783996582,298.0,13.789
15350,520,33.0,33,0.756958,0.8685699701309204,298.0,13.818
15387,521,37.0,37,0.756373,0.7589634656906128,298.0,13.85
15424,522,37.0,37,0.755787,0.30669018626213074,298.0,13.88
15498,523,74.0,74,0.754615,0.24970799684524536,298.0,13.947
15547,524,49.0,49,0.753839,2.4376962184906006,298.0,13.986
15587,525,40.0,40,0.753206,0.3614470660686493,298.0,14.02
15627,526,40.0,40,0.752572,0.27401629090309143,298.0,14.056
15709,527,82.0,82,0.751274,0.5924134850502014,298.0,14.123
15769,528,60.0,60,0.750324,0.41458821296691895,298.0,14.173
15826,529,57.0,57,0.749422,1.1375812292099,298.0,14.223
15870,530,44.0,44,0.748725,1.12771475315094,298.0,14.259
15905,531,35.0,35,0.748171,0.20323729515075684,298.0,14.29
15949,532,44.0,44,0.747474,0.7194360494613647,298.0,14.326
16026,533,77.0,77,0.746255,0.33600738644599915,298.0,14.402
16035,534,9.0,9,0.746112,0.3229163885116577,298.0,14.41
16044,535,9.0,9,0.74597,2.5971519947052,298.0,14.418
16075,536,31.0,31,0.745479,4.618529796600342,298.0,14.444
16167,537,92.0,92,0.744023,0.3592674434185028,298.0,14.521
16288,538,121.0,121,0.742107,0.4954904019832611,298.0,14.626
16316,539,28.0,28,0.741663,0.6137285828590393,298.0,14.648
16357,540,41.0,41,0.741014,0.9593230485916138,298.0,14.686
16419,541,62.0,62,0.740032,0.6549038290977478,298.0,14.739
16436,542,17.0,17,0.739763,0.5116598010063171,298.0,14.752
16452,543,16.0,16,0.73951,1.7843207120895386,298.0,14.768
16469,544,17.0,17,0.739241,0.19938765466213226,298.0,14.784
16488,545,19.0,19,0.73894,0.9228427410125732,298.0,14.801
16510,546,22.0,22,0.738592,1.1700080633163452,298.0,14.823
16549,547,39.0,39,0.737974,0.18270590901374817,298.0,14.861
16583,548,34.0,34,0.737436,0.17857402563095093,298.0,14.888
16634,549,51.0,51,0.736628,2.863313674926758,298.0,14.936
16667,550,33.0,33,0.736106,0.8458553552627563,298.0,14.967
16687,551,20.0,20,0.735789,0.4748918116092682,298.0,14.99
16721,552,34.0,34,0.735251,0.8436128497123718,298.0,15.02
16797,553,76.0,76,0.734047,0.24536031484603882,298.0,15.089
16901,554,104.0,104,0.732401,0.2832496762275696,298.0,15.176
16917,555,16.0,16,0.732147,0.9350646734237671,298.0,15.189
16930,556,13.0,13,0.731942,2.3444712162017822,298.0,15.198
16974,557,44.0,44,0.731245,1.5110085010528564,298.0,15.232
16997,558,23.0,23,0.730881,1.7303863763809204,298.0,15.256
17033,559,36.0,36,0.730311,0.9940473437309265,298.0,15.296
17042,560,9.0,9,0.730168,0.3282977044582367,298.0,15.302
17072,561,30.0,30,0.729693,1.0486783981323242,298.0,15.331
17091,562,19.0,19,0.729392,0.21241478621959686,298.0,15.347
17178,563,87.0,87,0.728015,1.1381677389144897,298.0,15.419
17237,564,59.0,59,0.727081,0.5083882808685303,298.0,15.472
17353,565,116.0,116,0.725244,0.13969436287879944,298.0,15.565
17374,566,21.0,21,0.724912,0.9561918377876282,298.0,15.581
17439,567,65.0,65,0.723882,1.6298242807388306,298.0,15.637
17484,568,45.0,45,0.72317,1.6422133445739746,298.0,15.689
17525,569,41.0,41,0.722521,0.3662129044532776,298.0,15.73
17642,570,117.0,117,0.720668,2.7794299125671387,298.0,15.832
17667,571,25.0,25,0.720272,0.28445810079574585,298.0,15.852
17695,572,28.0,28,0.719829,1.4207266569137573,298.0,15.874
17708,573,13.0,13,0.719623,0.5508509874343872,298.0,15.883
17853,574,145.0,145,0.717328,1.9289475679397583,298.0,16.017
17929,575,76.0,76,0.716124,1.0373015403747559,298.0,16.08
17994,576,65.0,65,0.715095,0.802929162979126,298.0,16.139
18069,577,75.0,75,0.713908,0.7124118804931641,298.0,16.214
18103,578,34.0,34,0.713369,0.9155892729759216,298.0,16.239
18229,579,126.0,126,0.711374,1.6605910062789917,298.0,16.357
18285,580,56.0,56,0.710487,0.17776910960674286,298.0,16.409
18296,581,11.0,11,0.710313,1.0741534233093262,298.0,16.416
18338,582,42.0,42,0.709648,0.8205597400665283,298.0,16.451
18450,583,112.0,112,0.707875,0.3609861135482788,298.0,16.555
18463,584,13.0,13,0.707669,0.19499735534191132,298.0,16.566
18522,585,59.0,59,0.706735,0.33888375759124756,298.0,16.62
18543,586,21.0,21,0.706403,0.256028413772583,298.0,16.637
18562,587,19.0,19,0.706102,0.69989013671875,298.0,16.654
18587,588,25.0,25,0.705706,0.7395310401916504,298.0,16.673
18627,589,40.0,40,0.705072,0.3301222324371338,298.0,16.706
18656,590,29.0,29,0.704613,2.8596160411834717,298.0,16.733
18686,591,30.0,30,0.704138,0.9491173028945923,298.0,16.759
18729,592,43.0,43,0.703458,0.2647876739501953,298.0,16.8
18779,593,50.0,50,0.702666,1.317407250404358,298.0,16.841
18792,594,13.0,13,0.70246,1.0136750936508179,298.0,16.853
18899,595,107.0,107,0.700766,2.969684600830078,298.0,16.954
18949,596,50.0,50,0.699974,3.4466371536254883,298.0,16.999
18998,597,49.0,49,0.699198,0.44937899708747864,298.0,17.048
19050,598,52.0,52,0.698375,1.0222808122634888,298.0,17.09
19067,599,17.0,17,0.698106,3.1389927864074707,298.0,17.103
19105,600,38.0,38,0.697504,0.7692631483078003,298.0,17.135
19180,601,75.0,75,0.696317,0.985386312007904,298.0,17.214
19217,602,37.0,37,0.695731,2.8780460357666016,298.0,17.251
19302,603,85.0,85,0.694385,0.9546247124671936,298.0,17.323
19327,604,25.0,25,0.693989,0.23026025295257568,298.0,17.352
19366,605,39.0,39,0.693372,0.36500629782676697,298.0,17.39
19379,606,13.0,13,0.693166,4.27403450012207,298.0,17.4
19418,607,39.0,39,0.692548,0.4202294945716858,298.0,17.432
19488,608,70.0,70,0.69144,0.5609430074691772,298.0,17.487
19500,609,12.0,12,0.69125,0.1874736249446869,298.0,17.497
19544,610,44.0,44,0.690553,5.430144786834717,298.0,17.534
19642,611,98.0,98,0.689002,0.19962860643863678,298.0,17.623
19697,612,55.0,55,0.688131,0.2870767414569855,298.0,17.669
19736,613,39.0,39,0.687513,1.6024101972579956,298.0,17.698
19755,614,19.0,19,0.687213,8.189920425415039,298.0,17.714
19790,615,35.0,35,0.686658,0.5449205636978149,298.0,17.749
19805,616,15.0,15,0.686421,1.2359696626663208,298.0,17.762
19852,617,47.0,47,0.685677,0.37516799569129944,298.0,17.801
19862,618,10.0,10,0.685518,2.2491230964660645,298.0,17.811
19882,619,20.0,20,0.685202,1.4167754650115967,298.0,17.827
19916,620,34.0,34,0.684663,0.5815332531929016,298.0,17.856
19949,621,33.0,33,0.684141,0.33091026544570923,298.0,17.888
20086,622,137.0,137,0.681972,0.3912479877471924,253.4,18.283
20120,623,34.0,34,0.681433,1.3587013483047485,253.4,18.309
20130,624,10.0,10,0.681275,1.4347879886627197,253.4,18.318
20147,625,17.0,17,0.681006,4.28896427154541,253.4,18.333
20175,626,28.0,28,0.680562,3.6921002864837646,253.4,18.355
20206,627,31.0,31,0.680072,5.307276248931885,253.4,18.381
20221,628,15.0,15,0.679834,0.31715622544288635,253.4,18.393
20268,629,47.0,47,0.67909,2.6520392894744873,253.4,18.43
20279,630,11.0,11,0.678916,1.0296509265899658,253.4,18.44
20299,631,20.0,20,0.678599,0.5235878825187683,253.4,18.458
20322,632,23.0,23,0.678235,1.4352046251296997,253.4,18.486
20386,633,64.0,64,0.677222,1.9567828178405762,253.4,18.555
20396,634,10.0,10,0.677063,0.6360322833061218,253.4,18.562
20548,635,152.0,152,0.674657,0.6720280647277832,253.4,18.7
20611,636,63.0,63,0.673659,0.9293348789215088,253.4,18.753
20651,637,40.0,40,0.673026,0.607131838798523,253.4,18.786
20685,638,34.0,34,0.672488,6.1627044677734375,253.4,18.815
20754,639,69.0,69,0.671395,6.40435791015625,253.4,18.887
20766,640,12.0,12,0.671205,0.390150249004364,253.4,18.896
20793,641,27.0,27,0.670778,1.023599624633789,253.4,18.92
20808,642,15.0,15,0.67054,0.5868426561355591,253.4,18.933
20832,643,24.0,24,0.67016,0.3203859031200409,253.4,18.951
20922,644,90.0,90,0.668735,1.1287039518356323,253.4,19.031
20951,645,29.0,29,0.668276,0.7336257100105286,253.4,19.054
20991,646,40.0,40,0.667643,3.1223130226135254,253.4,19.087
21020,647,29.0,29,0.667183,1.388869285583496,253.4,19.114
21113,648,93.0,93,0.665711,0.4177560806274414,253.4,19.195
21185,649,72.0,72,0.664571,1.8794316053390503,253.4,19.265
21196,650,11.0,11,0.664397,3.154266595840454,253.4,19.271
21239,651,43.0,43,0.663716,0.3827822804450989,253.4,19.32
21266,652,27.0,27,0.663288,0.754235565662384,253.4,19.342
21326,653,60.0,60,0.662338,0.2540905475616455,253.4,19.401
21358,654,32.0,32,0.661832,5.109301567077637,253.4,19.426
21401,655,43.0,43,0.661151,7.287603855133057,253.4,19.466
21494,656,93.0,93,0.659678,1.5233157873153687,253.4,19.552
21513,657,19.0,19,0.659377,0.3857925534248352,253.4,19.567
21579,658,66.0,66,0.658332,0.19605958461761475,253.4,19.624
21683,659,104.0,104,0.656686,7.363192558288574,253.4,19.72
21701,660,18.0,18,0.656401,3.90415358543396,253.4,19.741
21861,661,160.0,160,0.653868,0.16079097986221313,253.4,19.883
21885,662,24.0,24,0.653487,2.417102098464966,253.4,19.905
22001,663,116.0,116,0.651651,3.865051031112671,253.4,20.027
22071,664,70.0,70,0.650543,3.355541467666626,253.4,20.088
22110,665,39.0,39,0.649925,3.1604299545288086,253.4,20.121
22126,666,16.0,16,0.649672,2.0141406059265137,253.4,20.136
22287,667,161.0,161,0.647123,1.1176034212112427,253.4,20.308
22335,668,48.0,48,0.646362,0.31950852274894714,253.4,20.349
22362,669,27.0,27,0.645935,2.21235990524292,253.4,20.372
22576,670,214.0,214,0.642547,0.7825387120246887,253.4,20.59
22632,671,56.0,56,0.64166,0.33354905247688293,253.4,20.656
22654,672,22.0,22,0.641312,1.5023136138916016,253.4,20.682
22673,673,19.0,19,0.641011,0.820116400718689,253.4,20.707
22688,674,15.0,15,0.640773,0.274738609790802,253.4,20.719
22759,675,71.0,71,0.639649,3.433879852294922,253.4,20.799
22844,676,85.0,85,0.638303,2.0938267707824707,253.4,20.894
22886,677,42.0,42,0.637638,6.866926670074463,253.4,20.937
22919,678,33.0,33,0.637116,0.29641902446746826,253.4,20.963
22963,679,44.0,44,0.636419,2.286283254623413,253.4,21.004
23148,680,185.0,185,0.63349,0.5922408103942871,253.4,21.277
23215,681,67.0,67,0.632429,0.8755379915237427,253.4,21.366
23232,682,17.0,17,0.63216,1.3281488418579102,253.4,21.384
23279,683,47.0,47,0.631416,3.8099122047424316,253.4,21.441
23373,684,94.0,94,0.629927,0.5233787298202515,253.4,21.557
23421,685,48.0,48,0.629167,0.4529845118522644,253.4,21.605
23528,686,107.0,107,0.627473,3.1530046463012695,253.4,21.729
23619,687,91.0,91,0.626032,0.7435468435287476,253.4,21.83
23756,688,137.0,137,0.623863,1.484277367591858,253.4,22.175
23779,689,23.0,23,0.623499,6.0127763748168945,253.4,22.25
23808,690,29.0,29,0.62304,0.8096913695335388,253.4,22.292
23887,691,79.0,79,0.621789,0.5739991664886475,253.4,22.508
24001,692,114.0,114,0.619984,0.8338838815689087,253.4,22.632
24176,693,175.0,175,0.617213,1.1765376329421997,253.4,22.792
24223,694,47.0,47,0.616469,0.5413682460784912,253.4,22.836
24277,695,54.0,54,0.615614,0.6509674191474915,253.4,22.897
24333,696,56.0,56,0.614727,7.907184600830078,253.4,22.947
24393,697,60.0,60,0.613778,1.9424196481704712,253.4,23.002
24465,698,72.0,72,0.612637,0.9379934072494507,253.4,23.065
24552,699,87.0,87,0.61126,8.809416770935059,253.4,23.141
24619,700,67.0,67,0.610199,0.692503809928894,253.4,23.205
24722,701,103.0,103,0.608568,0.615757405757904,253.4,23.302
24874,702,152.0,152,0.606162,0.4202767610549927,253.4,23.439
25047,703,173.0,173,0.603422,3.6460883617401123,253.4,23.585
25069,704,22.0,22,0.603074,1.3957479000091553,253.4,23.612
25126,705,57.0,57,0.602172,0.5239816308021545,253.4,23.662
25182,706,56.0,56,0.601285,7.640256404876709,253.4,23.709
25231,707,49.0,49,0.600509,13.165752410888672,253.4,23.759
25274,708,43.0,43,0.599828,0.5495917797088623,253.4,23.793
25324,709,50.0,50,0.599037,2.0246715545654297,253.4,23.834
25351,710,27.0,27,0.598609,1.0731594562530518,253.4,23.857
25437,711,86.0,86,0.597247,1.192915678024292,253.4,23.93
25465,712,28.0,28,0.596804,0.764125645160675,253.4,23.959
25572,713,107.0,107,0.59511,0.46123218536376953,253.4,24.051
25634,714,62.0,62,0.594128,0.47203728556632996,253.4,24.119
25681,715,47.0,47,0.593384,2.093721866607666,253.4,24.171
25764,716,83.0,83,0.59207,1.0367743968963623,253.4,24.242
25780,717,16.0,16,0.591817,0.6897770166397095,253.4,24.255
25812,718,32.0,32,0.59131,2.884326696395874,253.4,24.281
25906,719,94.0,94,0.589822,4.396148681640625,253.4,24.37
26022,720,116.0,116,0.587985,17.276615142822266,253.4,24.479
26064,721,42.0,42,0.58732,0.3292211890220642,253.4,24.518
26263,722,199.0,199,0.584169,3.9587905406951904,253.4,24.701
26304,723,41.0,41,0.58352,5.133554458618164,253.4,24.736
26364,724,60.0,60,0.58257,0.6853484511375427,253.4,24.79
26426,725,62.0,62,0.581588,1.3638406991958618,253.4,24.853
26492,726,66.0,66,0.580543,4.1163482666015625,253.4,24.91
26607,727,115.0,115,0.578723,3.977339267730713,253.4,25.009
26650,728,43.0,43,0.578042,0.47126340866088867,253.4,25.052
26742,729,92.0,92,0.576585,0.5230952501296997,253.4,25.136
26795,730,53.0,53,0.575746,9.270856857299805,253.4,25.185
26938,731,143.0,143,0.573482,2.580260992050171,253.4,25.315
27068,732,130.0,130,0.571423,1.329365611076355,253.4,25.433
27098,733,30.0,30,0.570948,15.794255256652832,253.4,25.463
27112,734,14.0,14,0.570727,4.1753458976745605,253.4,25.473
27247,735,135.0,135,0.568589,5.3785834312438965,253.4,25.584
27276,736,29.0,29,0.56813,3.798029661178589,253.4,25.613
27365,737,89.0,89,0.566721,1.342330813407898,253.4,25.697
27402,738,37.0,37,0.566135,4.989232063293457,253.4,25.735
27561,739,159.0,159,0.563617,5.739231586456299,253.4,25.895
27683,740,122.0,122,0.561686,0.36402732133865356,253.4,26.009
27868,741,185.0,185,0.558757,2.796574115753174,253.4,26.187
28027,742,159.0,159,0.556239,1.971257209777832,253.4,26.325
28065,743,38.0,38,0.555638,2.0897514820098877,253.4,26.358
28140,744,75.0,75,0.55445,3.0171632766723633,253.4,26.429
28173,745,33.0,33,0.553928,1.3426952362060547,253.4,26.464
28206,746,33.0,33,0.553405,7.943785667419434,253.4,26.491
28314,747,108.0,108,0.551695,2.6438074111938477,253.4,26.581
28502,748,188.0,188,0.548718,2.6663942337036133,253.4,26.742
28621,749,119.0,119,0.546834,1.39029860496521,253.4,26.85
28797,750,176.0,176,0.544048,2.3121821880340576,253.4,27.013
28834,751,37.0,37,0.543462,1.079153060913086,253.4,27.048
28874,752,40.0,40,0.542828,0.6685091257095337,253.4,27.081
29021,753,147.0,147,0.540501,1.628247857093811,253.4,27.233
29146,754,125.0,125,0.538522,8.514521598815918,253.4,27.353
29350,755,204.0,204,0.535292,1.9010928869247437,253.4,27.544
29394,756,44.0,44,0.534595,1.8991776704788208,253.4,27.583
29406,757,12.0,12,0.534405,1.7658945322036743,253.4,27.593
29446,758,40.0,40,0.533772,2.608492136001587,253.4,27.629
29498,759,52.0,52,0.532948,7.910592079162598,253.4,27.677
29737,760,239.0,239,0.529164,3.128804922103882,253.4,27.898
29868,761,131.0,131,0.52709,0.851370096206665,253.4,28.028
29940,762,72.0,72,0.52595,0.5519628524780273,253.4,28.088
30013,763,73.0,73,0.524794,5.787153244018555,281.8,28.478
30036,764,23.0,23,0.52443,4.591771602630615,281.8,28.499
30202,765,166.0,166,0.521802,2.5494558811187744,281.8,28.664
30269,766,67.0,67,0.520741,7.922903537750244,281.8,28.734
30336,767,67.0,67,0.51968,5.15578556060791,281.8,28.793
30353,768,17.0,17,0.519411,0.7557024955749512,281.8,28.809
30379,769,26.0,26,0.518999,0.934757649898529,281.8,28.83
30451,770,72.0,72,0.517859,0.5183412432670593,281.8,28.896
30545,771,94.0,94,0.516371,0.7961850166320801,281.8,28.98
30675,772,130.0,130,0.514312,6.708835601806641,281.8,29.092
30831,773,156.0,156,0.511842,1.3862929344177246,281.8,29.234
31003,774,172.0,172,0.509119,0.7326169610023499,281.8,29.395
31084,775,81.0,81,0.507837,3.5132594108581543,281.8,29.466
31267,776,183.0,183,0.504939,0.7276293039321899,281.8,29.648
31530,777,263.0,263,0.500775,1.4208788871765137,281.8,29.914
31814,778,284.0,284,0.496278,0.6502191424369812,281.8,30.181
31873,779,59.0,59,0.495344,9.509339332580566,281.8,30.237
31908,780,35.0,35,0.49479,2.757739543914795,281.8,30.272
32058,781,150.0,150,0.492415,3.0135674476623535,281.8,30.411
32223,782,165.0,165,0.489803,5.734915733337402,281.8,30.573
32463,783,240.0,240,0.486003,2.1050496101379395,281.8,30.798
32690,784,227.0,227,0.482408,0.5247604846954346,281.8,31.026
32733,785,43.0,43,0.481727,27.141216278076172,281.8,31.066
32901,786,168.0,168,0.479067,4.681657791137695,281.8,31.222
33119,787,218.0,218,0.475616,1.8975862264633179,281.8,31.434
33169,788,50.0,50,0.474824,2.813016414642334,281.8,31.486
33208,789,39.0,39,0.474207,0.5759835243225098,281.8,31.517
33260,790,52.0,52,0.473383,2.190983772277832,281.8,31.566
33446,791,186.0,186,0.470438,4.728985786437988,281.8,31.744
33499,792,53.0,53,0.469599,11.101487159729004,281.8,31.796
33521,793,22.0,22,0.469251,2.4254562854766846,281.8,31.818
33705,794,184.0,184,0.466337,9.868542671203613,281.8,31.993
33793,795,88.0,88,0.464944,9.28858470916748,281.8,32.076
33823,796,30.0,30,0.464469,3.809232711791992,281.8,32.1
33991,797,168.0,168,0.461809,7.796993732452393,281.8,32.256
34072,798,81.0,81,0.460527,14.26292896270752,281.8,32.327
34279,799,207.0,207,0.457249,2.4548428058624268,281.8,32.507
34522,800,243.0,243,0.453402,12.573702812194824,281.8,32.743
34598,801,76.0,76,0.452198,16.320281982421875,281.8,32.813
34644,802,46.0,46,0.45147,1.5287277698516846,281.8,32.86
34691,803,47.0,47,0.450726,3.5409584045410156,281.8,32.903
34814,804,123.0,123,0.448778,27.150659561157227,281.8,33.026
35014,805,200.0,200,0.445612,6.329529285430908,281.8,33.209
35194,806,180.0,180,0.442762,23.71978187561035,281.8,33.383
35401,807,207.0,207,0.439484,2.2955949306488037,281.8,33.573
35475,808,74.0,74,0.438312,0.9776655435562134,281.8,33.643
35598,809,123.0,123,0.436365,7.659267902374268,281.8,33.757
35682,810,84.0,84,0.435035,10.019142150878906,281.8,33.831
35764,811,82.0,82,0.433737,0.5068436861038208,281.8,33.906
35793,812,29.0,29,0.433277,2.249969482421875,281.8,33.936
36077,813,284.0,284,0.428781,2.4738757610321045,281.8,34.228
36263,814,186.0,186,0.425836,12.111869812011719,281.8,34.396
36327,815,64.0,64,0.424822,0.6960947513580322,281.8,34.465
36474,816,147.0,147,0.422495,4.2480998039245605,281.8,34.607
36594,817,120.0,120,0.420595,1.1864945888519287,281.8,34.715
36790,818,196.0,196,0.417492,12.685446739196777,281.8,34.896
36935,819,145.0,145,0.415196,5.744607925415039,281.8,35.027
37143,820,208.0,208,0.411903,6.253722190856934,281.8,35.241
37377,821,234.0,234,0.408197,12.51210880279541,281.8,35.465
37605,822,228.0,228,0.404587,1.4611250162124634,281.8,35.676
37889,823,284.0,284,0.400091,1.1800832748413086,281.8,35.945
38115,824,226.0,226,0.396513,14.2467679977417,281.8,36.152
38250,825,135.0,135,0.394375,22.69422149658203,281.8,36.301
38518,826,268.0,268,0.390132,4.754246711730957,281.8,36.57
38725,827,207.0,207,0.386854,1.1301178932189941,281.8,36.757
38817,828,92.0,92,0.385398,1.2623172998428345,281.8,36.837
39013,829,196.0,196,0.382294,1.8614115715026855,281.8,37.029
39256,830,243.0,243,0.378447,0.8291045427322388,281.8,37.251
39498,831,242.0,242,0.374615,1.4780453443527222,281.8,37.491
39727,832,229.0,229,0.370989,1.009842872619629,281.8,37.721
39925,833,198.0,198,0.367854,44.05104064941406,281.8,37.913
40197,834,272.0,272,0.363548,1.0708458423614502,341.0,38.546
40449,835,252.0,252,0.359557,1.4496443271636963,341.0,38.786
40744,836,295.0,295,0.354887,24.724445343017578,341.0,39.058
40915,837,171.0,171,0.352179,0.4909510910511017,341.0,39.23
41083,838,168.0,168,0.349519,0.7095234394073486,341.0,39.396
41427,839,344.0,344,0.344073,1.4247874021530151,341.0,39.739
41666,840,239.0,239,0.340288,16.164522171020508,341.0,39.966
41755,841,89.0,89,0.338879,12.17626667022705,341.0,40.05
41984,842,229.0,229,0.335253,1.9789865016937256,341.0,40.272
42111,843,127.0,127,0.333242,7.3272600173950195,341.0,40.393
42138,844,27.0,27,0.332815,2.14605975151062,341.0,40.421
42307,845,169.0,169,0.330139,1.618895173072815,341.0,40.593
42565,846,258.0,258,0.326054,3.002239227294922,341.0,40.831
42666,847,101.0,101,0.324455,0.6674154996871948,341.0,40.923
42694,848,28.0,28,0.324012,11.921692848205566,341.0,40.951
42764,849,70.0,70,0.322903,6.7222723960876465,341.0,41.01
42992,850,228.0,228,0.319293,0.7297926545143127,341.0,41.236
43274,851,282.0,282,0.314828,0.9177886247634888,341.0,41.539
43503,852,229.0,229,0.311203,1.1304234266281128,341.0,41.753
43736,853,233.0,233,0.307513,1.0040693283081055,341.0,41.966
44013,854,277.0,277,0.303127,2.1469573974609375,341.0,42.24
44341,855,328.0,328,0.297934,0.7675290107727051,341.0,42.553
44534,856,193.0,193,0.294878,2.2929606437683105,341.0,42.75
44759,857,225.0,225,0.291316,1.073350429534912,341.0,42.975
44990,858,231.0,231,0.287658,7.8919806480407715,341.0,43.194
45283,859,293.0,293,0.283019,0.8043301105499268,341.0,43.486
45492,860,209.0,209,0.27971,15.606586456298828,341.0,43.691
45563,861,71.0,71,0.278586,9.651636123657227,341.0,43.756
45801,862,238.0,238,0.274818,5.848033428192139,341.0,43.988
46056,863,255.0,255,0.27078,4.744009971618652,341.0,44.242
46346,864,290.0,290,0.266188,41.370384216308594,341.0,44.519
46381,865,35.0,35,0.265634,1.0452593564987183,341.0,44.55
46589,866,208.0,208,0.262341,1.18740975856781,341.0,44.76
46819,867,230.0,230,0.258699,0.9139513373374939,341.0,44.98
47092,868,273.0,273,0.254377,41.7611083984375,341.0,45.235
47293,869,201.0,201,0.251194,7.624466896057129,341.0,45.423
47426,870,133.0,133,0.249088,1.266139268875122,341.0,45.545
47739,871,313.0,313,0.244132,0.8805710673332214,341.0,45.862
48047,872,308.0,308,0.239256,1.0286574363708496,341.0,46.183
48243,873,196.0,196,0.236152,0.9165158271789551,341.0,46.382
48449,874,206.0,206,0.232891,2.812373399734497,341.0,46.583
48717,875,268.0,268,0.228648,0.4182940125465393,341.0,46.835
48999,876,282.0,282,0.224183,3.506082773208618,341.0,47.1
49269,877,270.0,270,0.219908,0.9443447589874268,341.0,47.356
49509,878,240.0,240,0.216108,1.4998215436935425,341.0,47.62
49997,879,488.0,488,0.208381,1.4675716161727905,341.0,48.085
50224,880,227.0,227,0.204787,0.65436190366745,259.6,48.611
50467,881,243.0,243,0.200939,1.2462222576141357,259.6,48.863
50803,882,336.0,336,0.195619,1.5245680809020996,259.6,49.193
51032,883,229.0,229,0.191993,11.537972450256348,259.6,49.407
51242,884,210.0,210,0.188668,0.7402657866477966,259.6,49.628
51476,885,234.0,234,0.184963,8.419492721557617,259.6,49.858
51709,886,233.0,233,0.181274,1.5985796451568604,259.6,50.099
51934,887,225.0,225,0.177712,0.7827168107032776,259.6,50.35
52182,888,248.0,248,0.173785,4.153303146362305,259.6,50.61
52481,889,299.0,299,0.169051,1.1513912677764893,259.6,50.955
52855,890,374.0,374,0.163129,4.650333881378174,259.6,51.344
53128,891,273.0,273,0.158807,0.5847328305244446,259.6,51.61
53439,892,311.0,311,0.153883,3.383253335952759,259.6,51.903
53698,893,259.0,259,0.149782,12.998430252075195,259.6,52.186
53916,894,218.0,218,0.14633,0.7652091383934021,259.6,52.41
54136,895,220.0,220,0.142847,1.1189125776290894,259.6,52.62
54381,896,245.0,245,0.138968,1.173403024673462,259.6,52.857
54587,897,206.0,206,0.135706,0.515800416469574,259.6,53.056
54825,898,238.0,238,0.131938,0.8770862817764282,259.6,53.307
55047,899,222.0,222,0.128422,20.298547744750977,259.6,53.529
55243,900,196.0,196,0.125319,5.481173515319824,259.6,53.736
55513,901,270.0,270,0.121044,47.43920135498047,259.6,54.014
55781,902,268.0,268,0.116801,0.8434407711029053,259.6,54.312
56040,903,259.0,259,0.1127,0.8518584370613098,259.6,54.569
56285,904,245.0,245,0.108821,0.7202945947647095,259.6,54.828
56669,905,384.0,384,0.102741,14.575037956237793,259.6,55.219
56886,906,217.0,217,0.099305,44.759090423583984,259.6,55.445
57093,907,207.0,207,0.096028,7.227778911590576,259.6,55.651
57365,908,272.0,272,0.091721,0.4288896918296814,259.6,55.943
57565,909,200.0,200,0.088554,1.3882180452346802,259.6,56.147
57799,910,234.0,234,0.084849,0.5746752023696899,259.6,56.383
58110,911,311.0,311,0.079925,1.0242613554000854,259.6,56.704
58489,912,379.0,379,0.073924,11.799525260925293,259.6,57.086
58787,913,298.0,298,0.069206,0.3366672694683075,259.6,57.398
59033,914,246.0,246,0.065311,55.270538330078125,259.6,57.682
59366,915,333.0,333,0.060038,0.6435445547103882,259.6,58.06
59618,916,252.0,252,0.056048,0.5998440980911255,259.6,58.341
59881,917,263.0,263,0.051884,17.67494010925293,259.6,58.884
60133,918,252.0,252,0.05,0.4197359085083008,323.4,59.531
60490,919,357.0,357,0.05,54.119972229003906,323.4,59.898
60698,920,208.0,208,0.05,0.4226960241794586,323.4,60.111
60998,921,300.0,300,0.05,0.41433781385421753,323.4,60.446
61236,922,238.0,238,0.05,0.2984774708747864,323.4,60.716
61484,923,248.0,248,0.05,0.8725478649139404,323.4,60.956
61675,924,191.0,191,0.05,0.5860776305198669,323.4,61.154
61919,925,244.0,244,0.05,0.5847304463386536,323.4,61.441
62104,926,185.0,185,0.05,33.46123123168945,323.4,61.665
62406,927,302.0,302,0.05,0.5180650949478149,323.4,62.029
62798,928,392.0,392,0.05,0.28510335087776184,323.4,62.483
63098,929,300.0,300,0.05,3.0634686946868896,323.4,62.815
63422,930,324.0,324,0.05,0.5348167419433594,323.4,63.221
63764,931,342.0,342,0.05,0.5569311380386353,323.4,63.58
64044,932,280.0,280,0.05,0.5684337615966797,323.4,63.881
64272,933,228.0,228,0.05,0.6900728940963745,323.4,64.11
64518,934,246.0,246,0.05,0.5941777229309082,323.4,64.362
64731,935,213.0,213,0.05,0.26054486632347107,323.4,64.598
65000,936,269.0,269,0.05,0.49278223514556885,323.4,64.874
65209,937,209.0,209,0.05,0.25209465622901917,323.4,65.089
65452,938,243.0,243,0.05,41.399906158447266,323.4,65.314
65656,939,204.0,204,0.05,3.8201804161071777,323.4,65.513
65856,940,200.0,200,0.05,0.48219120502471924,323.4,65.722
66114,941,258.0,258,0.05,0.6418655514717102,323.4,65.98
66328,942,214.0,214,0.05,19.8422794342041,323.4,66.195
66732,943,404.0,404,0.05,0.4516761600971222,323.4,66.599
66964,944,232.0,232,0.05,0.9924011826515198,323.4,66.818
67222,945,258.0,258,0.05,0.4838707149028778,323.4,67.072
67484,946,262.0,262,0.05,7.807185173034668,323.4,67.336
67776,947,292.0,292,0.05,0.6338474154472351,323.4,67.63
68021,948,245.0,245,0.05,0.5504942536354065,323.4,67.871
68314,949,293.0,293,0.05,0.13208574056625366,323.4,68.187
68560,950,246.0,246,0.05,0.3032017648220062,323.4,68.438
68787,951,227.0,227,0.05,0.14223136007785797,323.4,68.673
68970,952,183.0,183,0.05,53.136680603027344,323.4,68.875
69288,953,318.0,318,0.05,0.27163970470428467,323.4,69.215
69487,954,199.0,199,0.05,0.16960421204566956,323.4,69.419
69667,955,180.0,180,0.05,62.22121047973633,323.4,69.607
69892,956,225.0,225,0.05,0.7017090916633606,323.4,69.827
70124,957,232.0,232,0.05,0.3234187960624695,211.0,70.283
70340,958,216.0,216,0.05,0.3346863090991974,211.0,70.49
70551,959,211.0,211,0.05,1.4934442043304443,211.0,70.707
70756,960,205.0,205,0.05,21.81354331970215,211.0,70.913
70973,961,217.0,217,0.05,19.69683265686035,211.0,71.129
71268,962,295.0,295,0.05,0.22265386581420898,211.0,71.432
71496,963,228.0,228,0.05,57.10211181640625,211.0,71.661
71710,964,214.0,214,0.05,4.359678268432617,211.0,71.913
71988,965,278.0,278,0.05,36.77375793457031,211.0,72.251
72240,966,252.0,252,0.05,0.13672642409801483,211.0,72.539
72468,967,228.0,228,0.05,0.205741286277771,211.0,72.773
72719,968,251.0,251,0.05,0.2920392155647278,211.0,73.046
72911,969,192.0,192,0.05,0.42495840787887573,211.0,73.252
73106,970,195.0,195,0.05,0.13115963339805603,211.0,73.524
73314,971,208.0,208,0.05,0.1768699735403061,211.0,73.747
73540,972,226.0,226,0.05,0.2223699688911438,211.0,73.983
73742,973,202.0,202,0.05,0.2679732143878937,211.0,74.178
73972,974,230.0,230,0.05,56.16746520996094,211.0,74.468
74172,975,200.0,200,0.05,57.41078186035156,211.0,74.679
74424,976,252.0,252,0.05,47.30830383300781,211.0,74.932
74629,977,205.0,205,0.05,55.80159378051758,211.0,75.153
74837,978,208.0,208,0.05,0.22711341083049774,211.0,75.366
75013,979,176.0,176,0.05,0.7233519554138184,211.0,75.552
75284,980,271.0,271,0.05,0.15999183058738708,211.0,75.829
75498,981,214.0,214,0.05,0.12234289944171906,211.0,76.041
75789,982,291.0,291,0.05,29.596179962158203,211.0,76.342
76039,983,250.0,250,0.05,16.848005294799805,211.0,76.602
76397,984,358.0,358,0.05,11.913036346435547,211.0,76.975
76737,985,340.0,340,0.05,0.4537186622619629,211.0,77.382
77016,986,279.0,279,0.05,0.3840830326080322,211.0,77.665
77255,987,239.0,239,0.05,0.2396441102027893,211.0,77.924
77461,988,206.0,206,0.05,0.17470501363277435,211.0,78.119
77664,989,203.0,203,0.05,0.1740952432155609,211.0,78.327
77935,990,271.0,271,0.05,0.1538694202899933,211.0,78.63
78233,991,298.0,298,0.05,59.5523796081543,211.0,78.982
78423,992,190.0,190,0.05,52.26375961303711,211.0,79.196
78605,993,182.0,182,0.05,0.09330084919929504,211.0,79.378
78868,994,263.0,263,0.05,0.07117567211389542,211.0,79.628
79102,995,234.0,234,0.05,0.16040049493312836,211.0,79.873
79313,996,211.0,211,0.05,0.15151070058345795,211.0,80.108
79543,997,230.0,230,0.05,0.10662879049777985,211.0,80.368
79709,998,166.0,166,0.05,71.7818374633789,211.0,80.543
79916,999,207.0,207,0.05,0.12250876426696777,211.0,80.782
80091,1000,175.0,175,0.05,0.12723594903945923,176.0,81.182
80268,1001,177.0,177,0.05,0.10435853153467178,176.0,81.374
80466,1002,198.0,198,0.05,0.11759181320667267,176.0,81.593
80672,1003,206.0,206,0.05,0.09621906280517578,176.0,81.8
80879,1004,207.0,207,0.05,0.09928180277347565,176.0,82.005
81113,1005,234.0,234,0.05,60.47243118286133,176.0,82.242
81283,1006,170.0,170,0.05,0.18243858218193054,176.0,82.43
81468,1007,185.0,185,0.05,0.08664993196725845,176.0,82.628
81687,1008,219.0,219,0.05,14.269593238830566,176.0,82.865
81881,1009,194.0,194,0.05,0.14167781174182892,176.0,83.063
82068,1010,187.0,187,0.05,6.352597713470459,176.0,83.25
82251,1011,183.0,183,0.05,0.15612804889678955,176.0,83.472
82466,1012,215.0,215,0.05,12.858847618103027,176.0,83.808
82658,1013,192.0,192,0.05,0.08782277256250381,176.0,84.043
82834,1014,176.0,176,0.05,14.071207046508789,176.0,84.246
83005,1015,171.0,171,0.05,0.15066353976726532,176.0,84.439
83201,1016,196.0,196,0.05,0.1266021430492401,176.0,84.641
83389,1017,188.0,188,0.05,0.06653391569852829,176.0,84.831
83546,1018,157.0,157,0.05,71.5838394165039,176.0,85.004
83722,1019,176.0,176,0.05,0.06003337353467941,176.0,85.177
83915,1020,193.0,193,0.05,13.194171905517578,176.0,85.363
84112,1021,197.0,197,0.05,0.06427512317895889,176.0,85.572
84303,1022,191.0,191,0.05,0.18681204319000244,176.0,85.785
84538,1023,235.0,235,0.05,44.20427322387695,176.0,86.031
84722,1024,184.0,184,0.05,0.08831743896007538,176.0,86.218
84894,1025,172.0,172,0.05,0.028235048055648804,176.0,86.384
85096,1026,202.0,202,0.05,0.1585644781589508,176.0,86.581
85290,1027,194.0,194,0.05,0.045620232820510864,176.0,86.773
85516,1028,226.0,226,0.05,0.08520068228244781,176.0,87.002
85725,1029,209.0,209,0.05,62.56524658203125,176.0,87.217
85937,1030,212.0,212,0.05,0.06513023376464844,176.0,87.45
86159,1031,222.0,222,0.05,0.05589045584201813,176.0,87.695
86344,1032,185.0,185,0.05,0.08085095137357712,176.0,87.876
86527,1033,183.0,183,0.05,0.12794138491153717,176.0,88.055
86702,1034,175.0,175,0.05,0.046827878803014755,176.0,88.248
86936,1035,234.0,234,0.05,0.05843522772192955,176.0,88.484
87147,1036,211.0,211,0.05,0.10472569614648819,176.0,88.693
87345,1037,198.0,198,0.05,70.11746215820312,176.0,88.88
87544,1038,199.0,199,0.05,0.0999920666217804,176.0,89.067
87732,1039,188.0,188,0.05,0.13914620876312256,176.0,89.253
87903,1040,171.0,171,0.05,0.0857699066400528,176.0,89.436
88074,1041,171.0,171,0.05,0.05650804564356804,176.0,89.617
88245,1042,171.0,171,0.05,37.94594192504883,176.0,89.786
88426,1043,181.0,181,0.05,0.05924305319786072,176.0,89.963
88603,1044,177.0,177,0.05,0.0473015233874321,176.0,90.154
88826,1045,223.0,223,0.05,10.945879936218262,176.0,90.385
88986,1046,160.0,160,0.05,0.054954007267951965,176.0,90.536
89193,1047,207.0,207,0.05,0.048499878495931625,176.0,90.742
89394,1048,201.0,201,0.05,0.0371956005692482,176.0,90.941
89589,1049,195.0,195,0.05,123.5747299194336,176.0,91.14
89783,1050,194.0,194,0.05,0.027810676023364067,176.0,91.327
89958,1051,175.0,175,0.05,10.274998664855957,176.0,91.504
90149,1052,191.0,191,0.05,0.09173069149255753,193.0,91.9
90344,1053,195.0,195,0.05,0.0503355897963047,193.0,92.095
90539,1054,195.0,195,0.05,0.056630782783031464,193.0,92.312
90729,1055,190.0,190,0.05,0.09160751104354858,193.0,92.509
90926,1056,197.0,197,0.05,0.04845761880278587,193.0,92.724
91112,1057,186.0,186,0.05,0.06293921917676926,193.0,92.913
91315,1058,203.0,203,0.05,10.984936714172363,193.0,93.103
91564,1059,249.0,249,0.05,60.30793762207031,193.0,93.359
91823,1060,259.0,259,0.05,10.016249656677246,193.0,93.622
92022,1061,199.0,199,0.05,8.523983001708984,193.0,93.834
92238,1062,216.0,216,0.05,0.05490617826581001,193.0,94.06
92441,1063,203.0,203,0.05,0.06421498209238052,193.0,94.264
92619,1064,178.0,178,0.05,0.10040555149316788,193.0,94.46
92819,1065,200.0,200,0.05,0.04903807118535042,193.0,94.654
92996,1066,177.0,177,0.05,0.09127676486968994,193.0,94.839
93191,1067,195.0,195,0.05,0.1447778046131134,193.0,95.042
93381,1068,190.0,190,0.05,10.451543807983398,193.0,95.266
93603,1069,222.0,222,0.05,0.09553737193346024,193.0,95.557
93900,1070,297.0,297,0.05,0.15752099454402924,193.0,95.859
94099,1071,199.0,199,0.05,9.904912948608398,193.0,96.109
94394,1072,295.0,295,0.05,0.36159491539001465,193.0,96.429
94653,1073,259.0,259,0.05,9.891438484191895,193.0,96.694
94900,1074,247.0,247,0.05,0.050208382308483124,193.0,96.95
95101,1075,201.0,201,0.05,0.11641587316989899,193.0,97.16
95481,1076,380.0,380,0.05,0.05962073802947998,193.0,97.545
95775,1077,294.0,294,0.05,0.05580202490091324,193.0,97.818
96113,1078,338.0,338,0.05,16.634977340698242,193.0,98.176
96362,1079,249.0,249,0.05,6.852847099304199,193.0,98.424
96533,1080,171.0,171,0.05,8.757179260253906,193.0,98.609
96733,1081,200.0,200,0.05,0.04998600855469704,193.0,98.799
96936,1082,203.0,203,0.05,7.49328088760376,193.0,99.06
97163,1083,227.0,227,0.05,0.047985728830099106,193.0,99.277
97379,1084,216.0,216,0.05,0.05195746570825577,193.0,99.53
97587,1085,208.0,208,0.05,68.26375579833984,193.0,99.807
97765,1086,178.0,178,0.05,0.03282109275460243,193.0,99.994
97942,1087,177.0,177,0.05,0.11326020956039429,193.0,100.179
98145,1088,203.0,203,0.05,0.037248920649290085,193.0,100.387
98327,1089,182.0,182,0.05,0.03653702884912491,193.0,100.58
98521,1090,194.0,194,0.05,6.447038650512695,193.0,100.774
98700,1091,179.0,179,0.05,0.03958015888929367,193.0,100.963
98873,1092,173.0,173,0.05,12.51175594329834,193.0,101.156
99038,1093,165.0,165,0.05,0.034057650715112686,193.0,101.317
99209,1094,171.0,171,0.05,19.106218338012695,193.0,101.499
99397,1095,188.0,188,0.05,0.025989972054958344,193.0,101.707
99587,1096,190.0,190,0.05,0.06763392686843872,193.0,101.9
99760,1097,173.0,173,0.05,0.10667768120765686,193.0,102.076
99976,1098,216.0,216,0.05,0.15624773502349854,193.0,102.318
100149,1099,173.0,173,0.05,5.6568450927734375,165.8,102.679
100342,1100,193.0,193,0.05,0.031388863921165466,165.8,102.892
100560,1101,218.0,218,0.05,0.047782786190509796,165.8,103.138
100732,1102,172.0,172,0.05,0.049487411975860596,165.8,103.312
100920,1103,188.0,188,0.05,0.04518827423453331,165.8,103.512
101104,1104,184.0,184,0.05,6.351649284362793,165.8,103.704
101324,1105,220.0,220,0.05,0.06731802970170975,165.8,103.96
101514,1106,190.0,190,0.05,53.656890869140625,165.8,104.166
101709,1107,195.0,195,0.05,0.05148819833993912,165.8,104.426
101908,1108,199.0,199,0.05,0.07388383150100708,165.8,104.612
102131,1109,223.0,223,0.05,0.0550290010869503,165.8,104.926
102451,1110,320.0,320,0.05,0.036896102130413055,165.8,105.231
102668,1111,217.0,217,0.05,0.06637489795684814,165.8,105.45
102918,1112,250.0,250,0.05,3.583193302154541,165.8,105.688
103182,1113,264.0,264,0.05,3.3370981216430664,165.8,105.988
103422,1114,240.0,240,0.05,0.05076790228486061,165.8,106.227
103575,1115,153.0,153,0.05,3.3572604656219482,165.8,106.383
103803,1116,228.0,228,0.05,0.03298138454556465,165.8,106.621
103993,1117,190.0,190,0.05,7.6234307289123535,165.8,106.811
104269,1118,276.0,276,0.05,0.03440214693546295,165.8,107.08
104463,1119,194.0,194,0.05,0.03794856369495392,165.8,107.261
104802,1120,339.0,339,0.05,0.3435807228088379,165.8,107.633
105017,1121,215.0,215,0.05,53.09516906738281,165.8,107.878
105328,1122,311.0,311,0.05,0.04473164677619934,165.8,108.214
105558,1123,230.0,230,0.05,0.09436095505952835,165.8,108.454
105729,1124,171.0,171,0.05,1.7503732442855835,165.8,108.637
105933,1125,204.0,204,0.05,1.5433902740478516,165.8,108.86
106198,1126,265.0,265,0.05,1.6821796894073486,165.8,109.132
106381,1127,183.0,183,0.05,1.829174280166626,165.8,109.397
106602,1128,221.0,221,0.05,3.8844780921936035,165.8,109.614
106779,1129,177.0,177,0.05,0.05430348590016365,165.8,109.783
106990,1130,211.0,211,0.05,6.122676372528076,165.8,110.028
107266,1131,276.0,276,0.05,0.8924117088317871,165.8,110.326
107414,1132,148.0,148,0.05,48.322044372558594,165.8,110.481
107568,1133,154.0,154,0.05,1.199625015258789,165.8,110.626
107762,1134,194.0,194,0.05,0.12941770255565643,165.8,110.831
107931,1135,169.0,169,0.05,2.0990841388702393,165.8,110.992
108107,1136,176.0,176,0.05,0.9093393683433533,165.8,111.161
108281,1137,174.0,174,0.05,0.4306287467479706,165.8,111.325
108431,1138,150.0,150,0.05,0.05102185159921646,165.8,111.468
108603,1139,172.0,172,0.05,0.03269195556640625,165.8,111.648
108763,1140,160.0,160,0.05,0.04877361282706261,165.8,111.801
108905,1141,142.0,142,0.05,0.0807485282421112,165.8,111.964
109078,1142,173.0,173,0.05,0.10074536502361298,165.8,112.128
109228,1143,150.0,150,0.05,0.08026123046875,165.8,112.269
109374,1144,146.0,146,0.05,0.025915928184986115,165.8,112.424
109551,1145,177.0,177,0.05,0.07177089899778366,165.8,112.588
109701,1146,150.0,150,0.05,0.03620673716068268,165.8,112.741
109850,1147,149.0,149,0.05,0.04764705151319504,165.8,112.873
110010,1148,160.0,160,0.05,0.1501070261001587,180.0,113.251
110193,1149,183.0,183,0.05,0.02097129262983799,180.0,113.446
110351,1150,158.0,158,0.05,43.910831451416016,180.0,113.605
110511,1151,160.0,160,0.05,0.061945319175720215,180.0,113.778
110660,1152,149.0,149,0.05,0.06464140117168427,180.0,113.927
110797,1153,137.0,137,0.05,0.30451661348342896,180.0,114.073
110946,1154,149.0,149,0.05,0.06649462133646011,180.0,114.221
111091,1155,145.0,145,0.05,0.09247399121522903,180.0,114.366
111250,1156,159.0,159,0.05,0.06682389229536057,180.0,114.522
111407,1157,157.0,157,0.05,0.8680325746536255,180.0,114.698
111573,1158,166.0,166,0.05,0.062156789004802704,180.0,114.86
111739,1159,166.0,166,0.05,0.04529083892703056,180.0,115.029
111906,1160,167.0,167,0.05,0.9629852771759033,180.0,115.204
112080,1161,174.0,174,0.05,0.09699695557355881,180.0,115.383
112287,1162,207.0,207,0.05,0.1266535222530365,180.0,115.588
112458,1163,171.0,171,0.05,43.053916931152344,180.0,115.759
112645,1164,187.0,187,0.05,0.03981881961226463,180.0,115.934
112849,1165,204.0,204,0.05,0.04239504039287567,180.0,116.131
113049,1166,200.0,200,0.05,40.052528381347656,180.0,116.357
113290,1167,241.0,241,0.05,0.06635423749685287,180.0,116.615
113486,1168,196.0,196,0.05,0.04887775331735611,180.0,116.814
113699,1169,213.0,213,0.05,0.06846275925636292,180.0,117.014
113918,1170,219.0,219,0.05,0.12297728657722473,180.0,117.213
114142,1171,224.0,224,0.05,0.07160041481256485,180.0,117.447
114367,1172,225.0,225,0.05,0.04083641991019249,180.0,117.655
114564,1173,197.0,197,0.05,0.04012773558497429,180.0,117.847
114766,1174,202.0,202,0.05,0.06834126263856888,180.0,118.041
114990,1175,224.0,224,0.05,0.05747437849640846,180.0,118.265
115212,1176,222.0,222,0.05,0.04049965739250183,180.0,118.498
115401,1177,189.0,189,0.05,0.10497136414051056,180.0,118.711
115575,1178,174.0,174,0.05,0.03401874005794525,180.0,118.886
115784,1179,209.0,209,0.05,0.04539858549833298,180.0,119.1
115989,1180,205.0,205,0.05,40.36001968383789,180.0,119.304
116261,1181,272.0,272,0.05,0.054381079971790314,180.0,119.576
116602,1182,341.0,341,0.05,0.03412625566124916,180.0,119.942
116845,1183,243.0,243,0.05,0.05982504040002823,180.0,120.209
117069,1184,224.0,224,0.05,0.07200677692890167,180.0,120.425
117314,1185,245.0,245,0.05,0.04560067132115364,180.0,120.674
117506,1186,192.0,192,0.05,0.0499916598200798,180.0,120.879
117724,1187,218.0,218,0.05,0.05455511808395386,180.0,121.089
117925,1188,201.0,201,0.05,0.06610450148582458,180.0,121.288
118282,1189,357.0,357,0.05,0.04735038802027702,180.0,121.648
118463,1190,181.0,181,0.05,0.0317978635430336,180.0,121.821
118816,1191,353.0,353,0.05,0.06534724682569504,180.0,122.178
119097,1192,281.0,281,0.05,0.03056623786687851,180.0,122.463
119290,1193,193.0,193,0.05,0.3251805901527405,180.0,122.664
119479,1194,189.0,189,0.05,0.0509406179189682,180.0,122.858
119661,1195,182.0,182,0.05,0.10143538564443588,180.0,123.055
119859,1196,198.0,198,0.05,0.1003703773021698,180.0,123.243
