episode,episode_return,episode_length,seed,env_id,policy,action_seed_mode,wall_time_sec
1,9.0,9,0,CartPole-v1,right,0,0.0
2,10.0,10,0,CartPole-v1,right,0,0.001
3,10.0,10,0,CartPole-v1,right,0,0.001
4,10.0,10,0,CartPole-v1,right,0,0.002
5,9.0,9,0,CartPole-v1,right,0,0.002
6,9.0,9,0,CartPole-v1,right,0,0.002
7,10.0,10,0,CartPole-v1,right,0,0.003
8,9.0,9,0,CartPole-v1,right,0,0.003
9,10.0,10,0,CartPole-v1,right,0,0.003
10,10.0,10,0,CartPole-v1,right,0,0.003
11,9.0,9,0,CartPole-v1,right,0,0.004
12,9.0,9,0,CartPole-v1,right,0,0.004
13,10.0,10,0,CartPole-v1,right,0,0.005
14,10.0,10,0,CartPole-v1,right,0,0.005
15,9.0,9,0,CartPole-v1,right,0,0.005
16,8.0,8,0,CartPole-v1,right,0,0.006
17,9.0,9,0,CartPole-v1,right,0,0.006
18,9.0,9,0,CartPole-v1,right,0,0.006
19,9.0,9,0,CartPole-v1,right,0,0.007
20,8.0,8,0,CartPole-v1,right,0,0.007
21,10.0,10,0,CartPole-v1,right,0,0.007
22,8.0,8,0,CartPole-v1,right,0,0.008
23,8.0,8,0,CartPole-v1,right,0,0.008
24,10.0,10,0,CartPole-v1,right,0,0.008
25,9.0,9,0,CartPole-v1,right,0,0.009
26,8.0,8,0,CartPole-v1,right,0,0.009
27,8.0,8,0,CartPole-v1,right,0,0.009
28,10.0,10,0,CartPole-v1,right,0,0.01
29,9.0,9,0,CartPole-v1,right,0,0.01
30,8.0,8,0,CartPole-v1,right,0,0.011
31,10.0,10,0,CartPole-v1,right,0,0.013
32,9.0,9,0,CartPole-v1,right,0,0.013
33,10.0,10,0,CartPole-v1,right,0,0.013
34,9.0,9,0,CartPole-v1,right,0,0.013
35,11.0,11,0,CartPole-v1,right,0,0.014
36,10.0,10,0,CartPole-v1,right,0,0.014
37,8.0,8,0,CartPole-v1,right,0,0.014
38,10.0,10,0,CartPole-v1,right,0,0.014
39,8.0,8,0,CartPole-v1,right,0,0.015
40,10.0,10,0,CartPole-v1,right,0,0.015
41,9.0,9,0,CartPole-v1,right,0,0.016
42,10.0,10,0,CartPole-v1,right,0,0.016
43,8.0,8,0,CartPole-v1,right,0,0.016
44,9.0,9,0,CartPole-v1,right,0,0.016
45,10.0,10,0,CartPole-v1,right,0,0.017
46,9.0,9,0,CartPole-v1,right,0,0.017
47,9.0,9,0,CartPole-v1,right,0,0.017
48,9.0,9,0,CartPole-v1,right,0,0.017
49,9.0,9,0,CartPole-v1,right,0,0.018
50,10.0,10,0,CartPole-v1,right,0,0.018
